Sbor,Skupina,Okrsek,MH,JSDH,Sport,Aktivní,Kontakty
SDH Horoměřice,sdh-horomerice,1,ANO,ANO,,ANO,
SDH Kněževes,sdh-knezeves,1,NE,ANO,,ANO,
SDH Kozinec,sdh-kozinec,1,NE,ANO,,ANO,
SDH Letky,sdh-letky,1,NE,NE,,ANO,
SDH Libčice,sdh-libcice,1,NE,ANO,,ANO,
SDH Roztoky,sdh-roztoky,1,ANO,ANO,,ANO,
SDH Středokluky,sdh-stredokluky,1,ANO,ANO,,ANO,
SDH Čičovice,sdh-cicovice,1,NE,NE,,ANO,
SDH Svrkyně,sdh-svrkyne,1,NE,NE,,ANO,
SDH Úholičky,sdh-uholicky,1,ANO,ANO,,ANO,
SDH Chýně,sdh-chyne,1,NE,ANO,,ANO,
SDH Dobříč,sdh-dobric,4,NE,NE,,ANO,
SDH Drahelčice,sdh-drahelcice,4,NE,ANO,,ANO,
SDH Hostivice,sdh-hostivice,4,NE,ANO,,ANO,
SDH Choteč,sdh-chotec,4,NE,ANO,,ANO,
SDH Jinočany,sdh-jinocany,4,ANO,ANO,,ANO,
SDH Kosoř,sdh-kosor,4,NE,ANO,,ANO,
SDH Nučice,sdh-nucice,4,NE,ANO,,ANO,
SDH Ořech,sdh-orech,4,NE,ANO,,ANO,
SDH Rudná,sdh-rudna,4,NE,ANO,,ANO,
SDH Solopisky,sdh-solopisky,4,NE,ANO,,ANO,
SDH Třebotov,sdh-trebotov,4,NE,ANO,,ANO,
SDH Úhonice,sdh-uhonice,4,NE,ANO,,ANO,
SDH Vonoklasy,sdh-vonoklasy,4,NE,NE,,ANO,
SDH Dobřichovice,sdh-dobrichovice,6,NE,ANO,,ANO,
SDH Lety,sdh-lety,6,NE,ANO,,ANO,
SDH Mokropsy,sdh-mokropsy,6,ANO,ANO,,ANO,
SDH Řevnice,sdh-revnice,6,NE,ANO,,ANO,
SDH Bojov,sdh-bojov,7,NE,NE,,ANO,
SDH Čisovice,sdh-cisovice,7,ANO,ANO,,ANO,
SDH Jíloviště,sdh-jiloviste,7,ANO,ANO,,ANO,
SDH Klínec,sdh-klinec,7,NE,ANO,,ANO,
SDH Líšnice,sdh-lisnice,7,NE,ANO,,ANO,
SDH Trnová,sdh-trnova,7,NE,ANO,,ANO,
SDH Kytín,sdh-kytin,8,NE,ANO,,ANO,
SDH Malá Lečice,sdh-mala-lecice,8,NE,NE,,ANO,
SDH Mníšek pod Brdy,sdh-mnisek-pod-brdy,8,NE,ANO,,ANO,
SDH Rymáně,sdh-rymane,8,NE,NE,,ANO,
SDH Senešnice,sdh-senesnice,8,NE,NE,,ANO,
SDH Stříbrná Lhota,sdh-stribrna-lhota,8,NE,NE,,ANO,
SDH Zahořany,sdh-zahorany,8,ANO,NE,,ANO,
SDH Bojanovice,sdh-bojanovice,9,NE,ANO,,ANO,
SDH Bratřínov,sdh-bratrinov,9,NE,ANO,,ANO,
SDH Davle,sdh-davle,9,NE,ANO,,ANO,
SDH Hvozdnice,sdh-hvozdnice,9,NE,ANO,,ANO,
SDH Sloup,sdh-sloup,9,ANO,NE,,ANO,
SDH Buš,sdh-bus,10,NE,ANO,,ANO,
SDH Hradištko,sdh-hradistko,10,NE,ANO,,ANO,
SDH Masečín,sdh-masecin,10,ANO,NE,,ANO,
SDH Pikovice,sdh-pikovice,10,NE,NE,,ANO,
SDH Slapy,sdh-slapy,10,NE,ANO,,ANO,
SDH Štěchovice,sdh-stechovice,10,ANO,ANO,,ANO,
SDH Dolní Jirčany,sdh-dolni-jircany,12,NE,ANO,,ANO,
SDH Jílové u Prahy,sdh-jilove-u-prahy,12,ANO,ANO,,ANO,
SDH Kamenný Újezdec,sdh-kamenny-ujezdec,12,ANO,ANO,,ANO,
SDH Libeň,sdh-liben,12,ANO,NE,,ANO,
SDH Libeř,sdh-liber,12,NE,ANO,,ANO,
SDH Luka,sdh-luka,12,NE,NE,,ANO,
SDH Petrov,sdh-petrov,12,NE,NE,,ANO,
SDH Pohoří,sdh-pohori,12,NE,ANO,,ANO,
SDH Psáry,sdh-psary,12,ANO,ANO,,ANO,
SDH Lhota,sdh-lhota,13,NE,NE,,ANO,
SDH Ohrobec,sdh-ohrobec,13,NE,ANO,,ANO,
SDH Okrouhlo,sdh-okrouhlo,13,NE,ANO,,ANO,
SDH Skochovice,sdh-skochovice,13,NE,ANO,,ANO,
SDH Zvole,sdh-zvole,13,NE,ANO,,ANO,
SDH Zlatníky,sdh-zlatniky,14,NE,ANO,,ANO,
SDH Hodkovice,sdh-hodkovice,14,NE,NE,,ANO,
SDH Průhonice,sdh-pruhonice,14,NE,ANO,,ANO,
SDH Dolní Břežany,sdh-dolni-brezany,14,NE,ANO,,ANO,
SDH Osnice,sdh-osnice,14,NE,ANO,,ANO,
SDH Vestec,sdh-vestec,14,NE,ANO,,ANO,